latitude,longitude,name,address,gmap_url,type,date,country,type
34.2780433,-119.2706698,Dexter's Camera,"1972 E Main St, Ventura, CA 93001, United States",http://maps.google.com/?cid=13271414400602388871,Point,2024-12-29T21:49:25Z,US,Feature
33.450426,-117.604215,The Darkroom,"946 Calle Amanecer, San Clemente, CA 92673, United States",http://maps.google.com/?cid=2862467087802972139,Point,2024-12-29T21:49:18Z,,Feature
33.7031401,-117.8842916,Samy's Camera,"3309b S Bristol St, Santa Ana, CA 92704, United States",http://maps.google.com/?cid=4633291251510937330,Point,2024-12-29T21:49:11Z,US,Feature
34.0689461,-118.3615862,Samy's Camera,"431 S Fairfax Ave, Los Angeles, CA 90036, United States",http://maps.google.com/?cid=196871451621336496,Point,2024-12-29T21:49:03Z,US,Feature
34.146286,-118.1142502,Samy's Camera,"1759 E Colorado Blvd, Pasadena, CA 91106, United States",http://maps.google.com/?cid=7208724139641462907,Point,2024-12-29T21:48:58Z,US,Feature
45.5898435,-122.7532951,Blue Moon Camera & Machine,"8417 N Lombard St, Portland, OR 97203, United States",http://maps.google.com/?cid=7765282995637006057,Point,2024-12-29T21:48:51Z,US,Feature
33.6951035,-117.8594027,Pro Photo Connection,"17671 Fitch, Irvine, CA 92614, United States",http://maps.google.com/?cid=13236320922544923198,Point,2024-12-29T21:48:45Z,,Feature
40.2936618,-111.7276236,theFINDlab,"170 Mountain Way Dr #107, Orem, UT 84058, United States",http://maps.google.com/?cid=11472213010925195115,Point,2024-12-29T21:48:40Z,,Feature
34.0985292,-118.3072663,Freestyle Photo & Imaging Supplies,"5401 Sunset Blvd, Los Angeles, CA 90027, United States",http://maps.google.com/?cid=15909673153430904615,Point,2024-12-29T21:48:34Z,US,Feature
34.0617822,-118.244856,Walters Camera Video & Digital,"811 W Cesar Estrada Chavez Ave, Los Angeles, CA 90012, United States",http://maps.google.com/?cid=8758624270017087814,Point,2024-12-29T21:48:30Z,,Feature
34.2062656,-118.2281847,Camera Max,"3817 Ocean View Blvd, Montrose, CA 91020, United States",http://maps.google.com/?cid=10018620205512278016,Point,2024-12-29T21:48:27Z,,Feature
34.145852,-118.104671,General Camera Repair,"2218 E Colorado Blvd, Pasadena, CA 91107, United States",http://maps.google.com/?cid=9986219574315520434,Point,2024-12-29T21:48:21Z,,Feature
35.2806102,-120.6594613,The Photo Shop,"1027 Marsh St, San Luis Obispo, CA 93401, United States",http://maps.google.com/?cid=9673165456278505790,Point,2024-12-29T21:48:17Z,US,Feature
37.790426,-122.4051902,Leica Store San Francisco,"463 Bush St, San Francisco, CA 94108, United States",http://maps.google.com/?cid=18060968957109185440,Point,2024-12-29T21:48:11Z,US,Feature
37.7878097,-122.420702,Glass Key Photo,"1230 Sutter St, San Francisco, CA 94109, United States",http://maps.google.com/?cid=14484999023192461875,Point,2024-12-29T21:48:07Z,US,Feature
36.1436841,-115.2016125,B&C Camera,"4511 W Sahara Ave, Las Vegas, NV 89102, United States",http://maps.google.com/?cid=968312598870792624,Point,2024-12-29T21:48:02Z,US,Feature
33.4221492,-111.9475774,Tempe Camera Repair Inc,"606 W University Dr, Tempe, AZ 85281, United States",http://maps.google.com/?cid=15315815168921235668,Point,2024-12-29T21:47:56Z,US,Feature
32.2650644,-110.9712461,Monument Camera,"15 E Fort Lowell Rd, Tucson, AZ 85705, United States",http://maps.google.com/?cid=17221469627684527107,Point,2024-12-29T21:47:52Z,US,Feature
32.2763572,-110.9789273,Tucson Camera Repair,"3813 N Oracle Rd, Tucson, AZ 85705, United States",http://maps.google.com/?cid=5567893878175378844,Point,2024-12-29T21:47:47Z,,Feature
40.2383442,-111.6625092,Allen's Camera,"333 Freedom Blvd 200 W, Provo, UT 84601, United States",http://maps.google.com/?cid=759406668676720065,Point,2024-12-29T21:47:43Z,US,Feature
40.308718,-111.699631,Allen's Camera,"626 N State St, Orem, UT 84057, United States",http://maps.google.com/?cid=1728563161298196332,Point,2024-12-29T21:47:39Z,US,Feature
40.7394717,-111.9005485,Acme Camera Co.,"1388 S 300 W suite 500, Salt Lake City, UT 84115, United States",http://maps.google.com/?cid=14365512256070579053,Point,2024-12-29T21:47:36Z,US,Feature
47.760565,-122.2510355,Kenmore Camera,"6708 NE 181st St, Kenmore, WA 98028, United States",http://maps.google.com/?cid=13576953612584821782,Point,2024-12-29T21:47:32Z,US,Feature
47.7179318,-122.2956907,Shot On Film Store,"12316 Lake City Way NE, Seattle, WA 98125, United States",http://maps.google.com/?cid=15053711140047960667,Point,2024-12-29T21:47:28Z,US,Feature
47.6237302,-122.3427736,Glazer's Camera Rentals,"517 Dexter Ave N, Seattle, WA 98109, United States",http://maps.google.com/?cid=14656255906757039305,Point,2024-12-29T21:47:24Z,,Feature
47.6165641,-122.1924979,Leica Store Bellevue,"The Shops At The Bravern, 11111 NE 8th St Suite 130, Bellevue, WA 98004, United States",http://maps.google.com/?cid=15533052429172069224,Point,2024-12-29T21:47:19Z,US,Feature
33.2151317,-97.1367242,Denton Camera Exchange,"117 Piner St, Denton, TX 76201, United States",http://maps.google.com/?cid=11495427338461140049,Point,2024-12-29T21:47:14Z,US,Feature
32.7480256,-97.1131204,Arlington Camera,"544 W Randol Mill Rd, Arlington, TX 76011, United States",http://maps.google.com/?cid=6451091049141595151,Point,2024-12-29T21:47:07Z,US,Feature
30.3579301,-97.7322708,Precision Camera and Video,"2438 W Anderson Ln., Austin, TX 78757, United States",http://maps.google.com/?cid=17879805742273814260,Point,2024-12-29T21:47:03Z,US,Feature
28.858489,-82.0415224,Old Camera Store,"Wildwood antiques mall, 364 Shopping Center Dr, Wildwood, FL 34785, United States",http://maps.google.com/?cid=9293901492887075719,Point,2024-12-29T21:46:58Z,US,Feature
28.5525896,-81.3646013,Colonial Photo & Hobby Inc,"634 N Mills Ave, Orlando, FL 32803, United States",http://maps.google.com/?cid=10122910702922101801,Point,2024-12-29T21:46:54Z,US,Feature
40.7529444,-73.9963276,B&H Photo Video - Electronics and Camera Store,"420 9th Ave, New York, NY 10001, United States",http://maps.google.com/?cid=796508400803676962,Point,2024-12-29T21:46:50Z,US,Feature
40.7393143,-73.9940933,Adorama,"42 W 18th St, New York, NY 10011, United States",http://maps.google.com/?cid=10013391921598649717,Point,2024-12-29T21:46:45Z,US,Feature
40.7166236,-73.9908401,K&M Camera,"54 Orchard St, New York, NY 10002, United States",http://maps.google.com/?cid=14495550312293234448,Point,2024-12-29T21:46:40Z,US,Feature
40.1358339,-74.8830804,Allen's Camera,"4401 New Falls Rd, Levittown, PA 19056, United States",http://maps.google.com/?cid=11799459006980439810,Point,2024-12-29T21:46:35Z,US,Feature
40.0758919,-76.321796,Perfect Image Camera,"1953 Fruitville Pike, Lancaster, PA 17601, United States",http://maps.google.com/?cid=14978774531169550041,Point,2024-12-29T21:46:31Z,US,Feature
51.4547958,-2.5929107,Bristol Cameras,"47 High St, Bristol BS1 2AZ, United Kingdom",http://maps.google.com/?cid=6927238898883507506,Point,2024-12-29T21:46:28Z,GB,Feature
51.440831,-2.603814,Photographique,"53 North St, Bedminster, Bristol BS3 1EN, United Kingdom",http://maps.google.com/?cid=10257655800227567373,Point,2024-12-29T21:46:24Z,,Feature
43.647481,-79.3949207,Niagara Custom Lab,"in the back of CineCycle down the lane and around the back of, the building, 129 Spadina Ave., Toronto, ON M5A 1J7, Canada",http://maps.google.com/?cid=7499330794615235204,Point,2024-12-29T21:46:19Z,,Feature
43.6692346,-79.4640639,Frame Discreet,"42 Cawthra Ave, Toronto, ON M6N 5B3, Canada",http://maps.google.com/?cid=1363027431842262851,Point,2024-12-29T21:46:14Z,,Feature
34.9672035,-81.9292303,Spartan Photo Center,"108 Garner Rd, Spartanburg, SC 29303, United States",http://maps.google.com/?cid=13415256609797299845,Point,2024-12-29T21:46:09Z,US,Feature
42.350724,-71.0566918,Colortek of Boston,"727 Atlantic Ave, Boston, MA 02111, United States",http://maps.google.com/?cid=4356303936888521881,Point,2024-12-29T21:46:05Z,,Feature
42.4437264,-71.0691867,Dorian Color Lab,"100 Main St, Melrose, MA 02176, United States",http://maps.google.com/?cid=9626275461837151182,Point,2024-12-29T21:46:01Z,US,Feature
21.298467,-157.861414,Treehouse,"675, 215 Auahi St E3, Honolulu, HI 96813, United States",http://maps.google.com/?cid=18353650135125372688,Point,2024-12-29T21:45:57Z,US,Feature
-25.4303097,-49.2727502,Yamasaki Photographic Productions - Digital Revelation,"R. Cândido Lopes, 34 - Centro, Curitiba - PR, 80020-060, Brazil",http://maps.google.com/?cid=14360742736959290158,Point,2024-12-29T21:45:52Z,BR,Feature
45.5306026,-122.6331202,Citizens Photo,"3070 NE Sandy Blvd, Portland, OR 97232, United States",http://maps.google.com/?cid=11643509509760743700,Point,2024-12-29T21:45:45Z,,Feature
45.5310049,-122.6904256,Pro Photo Supply,"1112 NW 19th Ave, Portland, OR 97209, United States",http://maps.google.com/?cid=15174059797360262378,Point,2024-12-29T21:45:42Z,US,Feature
45.531526,-122.689953,Pro Photo Supply Photo Lab,"1815 NW Northrup St #2, Portland, OR 97209, United States",http://maps.google.com/?cid=6593911636967158248,Point,2024-12-29T21:45:38Z,,Feature
47.623084,-122.3405711,Glazer's Camera,"811 Republican St, Seattle, WA 98109, United States",http://maps.google.com/?cid=3235312078464968223,Point,2024-12-29T21:45:34Z,US,Feature
40.6835998,-73.911137,photodom. NYC,"1717 Broadway #310, Brooklyn, NY 11207, United States",http://maps.google.com/?cid=746110253718305072,Point,2024-12-29T21:45:30Z,US,Feature
40.023203,-82.996305,Midwest Photo,"2887 Silver Dr, Columbus, OH 43211, United States",http://maps.google.com/?cid=7642355257947975147,Point,2024-12-29T21:45:27Z,US,Feature
33.8150377,-117.9071908,CAMERA TECH OF ANAHEIM DIGITAL REPAIR,"1347 S Anaheim Blvd, Anaheim, CA 92805, United States",http://maps.google.com/?cid=14946963889353630324,Point,2024-12-29T21:45:23Z,,Feature
32.3578036,-86.2996161,Indie Film Lab,"1717 Norman Bridge Rd, Montgomery, AL 36104, United States",http://maps.google.com/?cid=7894194054424419698,Point,2024-12-29T21:45:20Z,,Feature
34.0471239,-118.2973431,J&F Photo Lab Inc.,"2692 W Pico Blvd, Los Angeles, CA 90006, United States",http://maps.google.com/?cid=12244698541682892835,Point,2024-12-29T21:45:16Z,,Feature
34.0361363,-118.1909523,FranksProductions 30 Min Foto,"3543 1st St, Los Angeles, CA 90063, United States",http://maps.google.com/?cid=4176744310186503758,Point,2024-12-29T21:45:12Z,US,Feature
33.8325255,-118.1264294,Tuttle Cameras,"5467 E Carson St, Long Beach, CA 90808, United States",http://maps.google.com/?cid=2451886540793448197,Point,2024-12-29T21:45:06Z,US,Feature
32.864427,-96.6488311,Garland Camera Repair & Photographic Imaging,"1401 Northwest Hwy #101, Garland, TX 75041, United States",http://maps.google.com/?cid=7142468541880182639,Point,2024-12-29T21:44:57Z,,Feature
37.1680745,-93.294616,Bedford Camera & Video,"2550 S Campbell Ave, Springfield, MO 65807, United States",http://maps.google.com/?cid=1203074990236482703,Point,2024-12-29T21:44:52Z,US,Feature
34.772634,-92.3998231,Bedford Camera & Video,"11400 N Rodney Parham Rd, Little Rock, AR 72212, United States",http://maps.google.com/?cid=12922170475297399526,Point,2024-12-29T21:44:46Z,US,Feature
35.5010364,-97.5650539,Bedford Camera & Video,"3110 N May Ave, Oklahoma City, OK 73112, United States",http://maps.google.com/?cid=3830094866354871286,Point,2024-12-29T21:44:42Z,US,Feature
38.9710827,-94.6666716,Bedford Camera & Video,"8701 Metcalf Ave, Overland Park, KS 66212, United States",http://maps.google.com/?cid=15897003915639461249,Point,2024-12-29T21:44:36Z,US,Feature
40.021149,-105.26262,Mike's Camera Inc. Boulder,"2500 Pearl St, Boulder, CO 80302, United States",http://maps.google.com/?cid=18264196558540107572,Point,2024-12-29T21:44:33Z,US,Feature
39.6881379,-104.9399638,Mike's Camera Inc. Denver,"1550 S Colorado Blvd #109, Denver, CO 80222, United States",http://maps.google.com/?cid=2299972665264478368,Point,2024-12-29T21:44:28Z,US,Feature
39.6108333,-104.9883333,Englewood Camera,"5855 S Broadway, Littleton, CO 80121, United States",http://maps.google.com/?cid=6824755918402438504,Point,2024-12-29T21:44:24Z,US,Feature
39.5651069,-104.8808809,Mike's Camera Inc Lone Tree,"9197 East Westview Rd, Lone Tree, CO 80124, United States",http://maps.google.com/?cid=17428247569144421560,Point,2024-12-29T21:44:05Z,US,Feature
33.8380437,-84.309923,Wing's Camera & Digital,"3100 Briarcliff Rd NE #2694, Atlanta, GA 30329, United States",http://maps.google.com/?cid=16995751335739657521,Point,2024-12-29T21:42:45Z,US,Feature
37.9738803,-122.5366771,Seawood Photo,"1601 4th St, San Rafael, CA 94901, United States",http://maps.google.com/?cid=1751828612842655827,Point,2024-12-29T21:42:40Z,US,Feature
38.5757792,-121.4771303,Mike's Camera,"2200 J St, Sacramento, CA 95816, United States",http://maps.google.com/?cid=11292814500506992481,Point,2024-12-29T21:42:34Z,US,Feature
38.5570858,-121.4277634,PhotoSource,"6346 Elvas Ave, Sacramento, CA 95819, United States",http://maps.google.com/?cid=18100328423549474787,Point,2024-12-29T21:42:30Z,US,Feature
33.1787566,-117.3656157,Sea Hive Marketplace,"1555 S Coast Hwy, Oceanside, CA 92054, United States",http://maps.google.com/?cid=4668287479303422779,Point,2024-12-29T21:42:25Z,US,Feature
39.7281739,-105.000521,Not Another Film Lab,"743 Kalamath St, Denver, CO 80204, United States",http://maps.google.com/?cid=5231435934148593890,Point,2024-12-29T21:41:57Z,,Feature
33.9992398,-118.4629796,Mira's Film Lab,"822 Lincoln Blvd, Venice, CA 90291, United States",http://maps.google.com/?cid=1326152775466593436,Point,2024-12-29T21:41:51Z,,Feature
32.0354017,-81.1029462,Bay Camera Co,"4604 Habersham St, Savannah, GA 31405, United States",http://maps.google.com/?cid=1503092426737688481,Point,2024-12-29T21:41:46Z,US,Feature
50.1145067,-122.9560212,Whistler Fotosource,"4154 Village Green Unit 4, Whistler, BC V8E 1H1, Canada",http://maps.google.com/?cid=4179924264127173827,Point,2024-12-29T21:41:31Z,CA,Feature
47.2564961,-122.4404962,Golden Hour Cameras and Vintage,"743 Broadway Suite 213, Tacoma, WA 98402, United States",http://maps.google.com/?cid=13416289783891590634,Point,2024-12-29T21:41:24Z,US,Feature
42.8530304,-72.5594275,Vermont Center for Photography,"10 Green St, Brattleboro, VT 05301, United States",http://maps.google.com/?cid=13524351040933416366,Point,2024-12-29T21:41:18Z,,Feature
40.7519244,-73.9254192,Kodak Film Lab NY,"37-18 Northern Blvd Rm 101, Long Island City, NY 11101, United States",http://maps.google.com/?cid=4912038789078785697,Point,2024-12-29T21:41:14Z,,Feature
33.8128756,-84.3596546,KODAK Film Lab Atlanta,"2156 Faulkner Rd NE, Atlanta, GA 30324, United States",http://maps.google.com/?cid=6646912862360327718,Point,2024-12-29T21:41:08Z,,Feature
33.8323254,-84.3392994,KODAK Film Lab Atlanta,"6 W Druid Hills Dr NE, Atlanta, GA 30329, United States",http://maps.google.com/?cid=11831233005475845979,Point,2024-12-29T21:41:04Z,,Feature
33.857632,-84.380948,Wolf Camera Photo Design,"3763 Roswell Rd NE, Atlanta, GA 30342, United States",http://maps.google.com/?cid=17917624834626476742,Point,2024-12-29T21:41:00Z,US,Feature
26.5562499,-81.903228,Creative Photo and Digital Imaging,"8945 College Pkwy # A, Fort Myers, FL 33919, United States",http://maps.google.com/?cid=7056065498795024875,Point,2024-12-29T21:40:56Z,,Feature
34.1724425,-118.5587848,Negative Lab,"19528 Ventura Blvd #583, Tarzana, CA 91356, United States",http://maps.google.com/?cid=7899453707957263737,Point,2024-12-29T21:40:51Z,,Feature
32.7949134,-96.8297893,Competitive Cameras Ltd,"2025 Irving Blvd Suite 107, Dallas, TX 75207, United States",http://maps.google.com/?cid=10213442116107935506,Point,2024-12-29T21:40:45Z,US,Feature
37.1136266,-113.515464,A Better Camera Store - At WorkTurf,"3292 Deseret Dr Ste 107b, St. George, UT 84790, United States",http://maps.google.com/?cid=17386713976227824814,Point,2024-12-29T21:40:34Z,US,Feature
51.5176643,-0.1253524,Camera Museum,"44 Museum St, London WC1A 1LY, United Kingdom",http://maps.google.com/?cid=11967703754271910,Point,2024-12-29T21:40:28Z,GB,Feature
42.7001649,-83.3989636,Camera Exchange,"5582 Dixie Hwy, Waterford Twp, MI 48329, United States",http://maps.google.com/?cid=10328232169814418904,Point,2024-12-29T21:40:22Z,US,Feature
34.2186926,-77.8865509,East Coast Film Lab,"925 S Kerr Ave Suite E-5, Wilmington, NC 28403, United States",http://maps.google.com/?cid=4687138871530915505,Point,2024-12-29T21:40:17Z,,Feature
30.0760763,31.3160459,الميمونى لخدمات التصوير التقليدي maymony film lab,"19 Ahmed Fouad Nessim, Ash Sharekat, Nasr City, Cairo Governorate 4451025, Egypt",http://maps.google.com/?cid=6593753488688376118,Point,2024-12-29T21:40:09Z,,Feature
32.8638143,-96.7097061,Legacy Photo Lab of Dallas,"10220 Northwest Hwy, Dallas, TX 75238, United States",http://maps.google.com/?cid=3236329958600909115,Point,2024-12-29T21:40:03Z,,Feature
44.7853729,-91.4614288,Film Developing Co.,"3306 Mall Dr, Eau Claire, WI 54701, United States",http://maps.google.com/?cid=5195959654255914625,Point,2024-12-29T21:39:58Z,,Feature
34.1550721,-118.243058,Digital Photo Printing & Studio,"607 N Glendale Ave, Glendale, CA 91206, United States",http://maps.google.com/?cid=16767711617038932750,Point,2024-12-29T21:39:52Z,,Feature
53.4816348,-2.2467685,Camera Crib,"7 Police St, Manchester M2 7LQ, United Kingdom",http://maps.google.com/?cid=7260550181143994314,Point,2024-12-29T21:39:47Z,GB,Feature
30.248271,-97.7733,Holland Photo Imaging,"2125 Goodrich Ave suite a, Austin, TX 78704, United States",http://maps.google.com/?cid=6838413852661772671,Point,2024-12-29T21:39:42Z,,Feature
33.4991997,-111.9181823,Wilson Camera,"4320 N Miller Rd #101, Scottsdale, AZ 85251, United States",http://maps.google.com/?cid=8753305467783983635,Point,2024-12-29T21:39:38Z,,Feature
33.4486838,-112.0465723,Wilson Camera,"1624 E Washington St, Phoenix, AZ 85034, United States",http://maps.google.com/?cid=9341830076861833026,Point,2024-12-29T21:39:32Z,US,Feature
40.67285,-73.991733,Gowanus Darkroom,"119 8th St #212, Brooklyn, NY 11215, United States",http://maps.google.com/?cid=13375245328310541905,Point,2024-12-29T21:39:27Z,,Feature
33.5086277,-112.0654777,foto forum az,"4834 N 7th St, Phoenix, AZ 85012, United States",http://maps.google.com/?cid=11169606201868890947,Point,2024-12-29T21:39:23Z,US,Feature
42.3057041,-71.107927,CatLABS,"3514 Washington St, Boston, MA 02130, United States",http://maps.google.com/?cid=4414076967547863437,Point,2024-12-29T21:39:18Z,US,Feature
29.9979112,-95.2650794,Humble Camera Center,"114 E Main St, Humble, TX 77338, United States",http://maps.google.com/?cid=15230842954459091567,Point,2024-12-29T21:39:13Z,US,Feature
41.2227871,-73.0571668,Milford Photo,"22 River St, Milford, CT 06460, United States",http://maps.google.com/?cid=8164188817269033906,Point,2024-12-29T21:39:06Z,US,Feature
35.1920218,-111.6508029,Hidden Light LLC/The Framing Department,"427 S San Francisco St, Flagstaff, AZ 86001, United States",http://maps.google.com/?cid=10967372350447944556,Point,2024-12-29T21:39:00Z,US,Feature
39.9371764,-88.8667156,Brooktree Film Lab,"165 W South St, Oreana, IL 62554, United States",http://maps.google.com/?cid=2303184078615728263,Point,2024-12-29T21:38:56Z,,Feature
42.2063648,-72.6086258,iLA FILM LAB-Drop Off Only,"287 High St suite 315, Holyoke, MA 01040, United States",http://maps.google.com/?cid=16342435575373811489,Point,2024-12-29T21:38:50Z,,Feature
30.2950358,-97.7430419,Lago Vista Film Lab,"2828 Guadalupe St, Austin, TX 78705, United States",http://maps.google.com/?cid=12309886333872975498,Point,2024-12-29T21:38:43Z,,Feature
40.7066007,-73.9283794,The Film Lab at Contact Photo,"51 Porter Ave, Brooklyn, NY 11237, United States",http://maps.google.com/?cid=18004033538173551424,Point,2024-12-29T21:38:38Z,,Feature
38.0317897,-78.4900986,Pro Camera Inc,"711 W Main St, Charlottesville, VA 22903, United States",http://maps.google.com/?cid=628627955685929980,Point,2024-12-29T21:38:33Z,US,Feature
40.0782824,-74.1918504,Focus Camera,"1797 Ave of the States, Lakewood, NJ 08701, United States",http://maps.google.com/?cid=4906358913865378890,Point,2024-12-29T21:38:28Z,US,Feature
37.6874959,-97.3504531,Midwest Film Co,"348 N Handley St, Wichita, KS 67203, United States",http://maps.google.com/?cid=4965815722590374616,Point,2024-12-29T21:38:11Z,,Feature
51.5244699,-0.0837506,Photobookcafe,"4 Leonard Circus, London EC2A 4DQ, United Kingdom",http://maps.google.com/?cid=14839383133614072983,Point,2024-12-29T21:38:07Z,GB,Feature
35.8122222,-78.6183333,Southeastern Camera,"2410 Atlantic Ave, Raleigh, NC 27604, United States",http://maps.google.com/?cid=1610198984994864512,Point,2024-12-29T21:38:03Z,US,Feature
43.6543494,-79.4442764,C41 Film Labs,"163 Sterling Rd Unit J, Toronto, ON M6R 2B2, Canada",http://maps.google.com/?cid=7341020514169814331,Point,2024-12-29T21:37:59Z,,Feature
47.6693605,-122.3858303,Ballard Film & Foto,"2221 NW 56th St #203, Seattle, WA 98107, United States",http://maps.google.com/?cid=17382993149132288494,Point,2024-12-29T21:37:54Z,,Feature
1.4830718,103.7575803,The Black Hole Lab,"9, Jalan Bijaksana, Taman Abad, 80250 Johor Bahru, Johor Darul Ta'zim, Malaysia",http://maps.google.com/?cid=11866564940130897605,Point,2024-12-29T21:37:48Z,,Feature
34.0425055,-118.1620442,Film Scouts,"503 N Mednik Ave, Los Angeles, CA 90022, United States",http://maps.google.com/?cid=9361161621685605624,Point,2024-12-29T21:37:44Z,US,Feature
36.1583712,-86.6348663,Boutique Film Lab,"569 Stewarts Ferry Pike, Nashville, TN 37214, United States",http://maps.google.com/?cid=10207749263922116770,Point,2024-12-29T21:37:36Z,,Feature
48.8597801,2.3475578,Nation Photo | Châtelet,"39 Rue des Lombards, 75001 Paris, France",http://maps.google.com/?cid=9969521605541741691,Point,2024-12-29T21:37:30Z,,Feature
48.8641444,2.4071457,Nation Photo | Comptoir Pro,"2 Rue Martin Garat, 8 Rue de la Py, 75020 Paris, France",http://maps.google.com/?cid=9001902523247697879,Point,2024-12-29T21:37:26Z,,Feature
48.8766462,2.3405666,Nation Photo | Lamartine,"46 Rue Lamartine, 75009 Paris, France",http://maps.google.com/?cid=6634956051033220691,Point,2024-12-29T21:37:21Z,,Feature
48.847525,2.39709,Kodak Express Nation - Nation Photo,"26 Pl. de la Nation, 75012 Paris, France",http://maps.google.com/?cid=18084438772068771935,Point,2024-12-29T21:37:16Z,,Feature
48.8446729,2.3521942,Nation Photo | Monge,"56 Rue Monge, 75005 Paris, France",http://maps.google.com/?cid=9414921929604993795,Point,2024-12-29T21:37:10Z,,Feature
37.8131275,-122.2923336,Underdog Film Lab,"1624 Peralta St, Oakland, CA 94607, United States",http://maps.google.com/?cid=15938980678252820157,Point,2024-12-29T21:37:04Z,,Feature
34.0476156,-118.245951,One Stop Film Lab,"341 S Los Angeles St Unit 8006, Los Angeles, CA 90013, United States",http://maps.google.com/?cid=2100874907742583251,Point,2024-12-29T21:37:00Z,,Feature
33.7144962,-118.023469,Bill's Camera,"6022 Warner Ave, Huntington Beach, CA 92647, United States",http://maps.google.com/?cid=15728273457957445948,Point,2024-12-29T21:36:56Z,,Feature
33.7957525,-117.8711333,Rewind Film Lab,"1717 W Orangewood Ave Suite A, Orange, CA 92868, United States",http://maps.google.com/?cid=17698782977862042090,Point,2024-12-29T21:36:52Z,,Feature
33.6287579,-117.7282288,OC camera,"23052 Lake Forest Dr # D1, Laguna Hills, CA 92653, United States",http://maps.google.com/?cid=6838822634185724520,Point,2024-12-29T21:36:47Z,US,Feature
32.8323722,-117.1580959,George's Camera,"7475 Clairemont Mesa Blvd #400, San Diego, CA 92111, United States",http://maps.google.com/?cid=3417363344961277633,Point,2024-12-29T21:36:43Z,US,Feature
34.0911837,-118.307882,Last Good Film Lab,"5426 Flemish Ln, Los Angeles, CA 90029, United States",http://maps.google.com/?cid=7260324935409447041,Point,2024-12-29T21:36:38Z,,Feature
47.2548255,-122.462316,Tacoma Photo Center,"1720 S 7th St Suite 103, Tacoma, WA 98405, United States",http://maps.google.com/?cid=17717330390755454683,Point,2024-12-29T21:36:34Z,,Feature
44.9324803,-122.9845841,Pacific Northwest Photography + Film,"Sabra Ln NE apt203, Salem, OR 97301, United States",http://maps.google.com/?cid=15003992250665323460,Point,2024-12-29T21:36:28Z,,Feature
14.5909794,121.0373724,Satchmi / Filmfolk,"840 Balagtas, Mandaluyong, 1552 Kalakhang Maynila, Philippines",http://maps.google.com/?cid=8392664730115326723,Point,2024-12-29T21:36:22Z,,Feature
14.5841664,120.9851878,Film Development Council of the Philippines,"855 Kalaw Ave, Ermita, Manila, 1000 Metro Manila, Philippines",http://maps.google.com/?cid=13945223182285637727,Point,2024-12-29T21:36:17Z,,Feature
14.6302018,121.0319545,Fotofabrik,"25 Scout Tuazon Street, Diliman, Quezon City, 1103 Metro Manila, Philippines",http://maps.google.com/?cid=1684624493370624954,Point,2024-12-29T21:36:10Z,,Feature
51.0430983,-114.0794697,The Camera Store,"802 11 Ave SW, Calgary, AB T2R 0E5, Canada",http://maps.google.com/?cid=13489138054146758348,Point,2024-12-29T21:36:06Z,CA,Feature
38.7971108,-121.2135593,Action Camera,"4415 Granite Dr #200, Rocklin, CA 95677, United States",http://maps.google.com/?cid=10791819839016445511,Point,2024-12-29T21:36:00Z,US,Feature
48.1093357,-1.6725874,GRAINYROLL Labo argentique,"12 Rue Dupont-des-Loges, 35000 Rennes, France",http://maps.google.com/?cid=2458733628713097375,Point,2024-12-29T21:35:36Z,,Feature
34.1390839,-118.2055226,Eagle Rock Camera & Goods,"1754 Colorado Blvd, Los Angeles, CA 90041, United States",http://maps.google.com/?cid=10630307712496020035,Point,2024-12-29T21:35:30Z,US,Feature
26.6313775,-80.124467,Olilou's Film Lab,"5199 10th Ave N #205, Greenacres, FL 33463, United States",http://maps.google.com/?cid=1647557876819057922,Point,2024-12-29T21:35:26Z,,Feature
26.131804,-80.1501,Thackers Film Lab,"713 NW 6th Ave, Fort Lauderdale, FL 33311, United States",http://maps.google.com/?cid=14122743264214596266,Point,2024-12-29T21:35:23Z,,Feature
25.7963684,-80.1988104,Bellows Film Lab Miami,"2051 NW 2nd Ave, Miami, FL 33127, United States",http://maps.google.com/?cid=4135531398106490133,Point,2024-12-29T21:35:20Z,,Feature
40.7340741,-74.270261,Gelatin Labs,"515 Valley St #160, Maplewood, NJ 07040, United States",http://maps.google.com/?cid=17763670507286699750,Point,2024-12-29T21:35:16Z,,Feature
40.7080942,-73.9202907,NYC Film Lab,"321 Starr St Suite E, Brooklyn, NY 11237, United States",http://maps.google.com/?cid=16399408683902695269,Point,2024-12-29T21:35:12Z,,Feature
47.6170723,-122.1841858,Omega Photo,"11643 NE 8th St, Bellevue, WA 98004, United States",http://maps.google.com/?cid=8717187228905034514,Point,2024-12-29T21:35:07Z,,Feature
51.524708,-0.0828857,Rapid Eye,"79 Leonard St, London EC2A 4QS, United Kingdom",http://maps.google.com/?cid=2384038853809130171,Point,2024-12-29T21:35:04Z,,Feature
51.5351283,-0.0200657,Moderne Lab Film Processing and Darkrooms,"Unit 3, 39 Autumn St, Bow, London E3 2TT, United Kingdom",http://maps.google.com/?cid=2789451869671344401,Point,2024-12-29T21:35:00Z,,Feature
51.52858,-0.0761357,Sendean Cameras,"25 Waterson St, London E2 8HT, United Kingdom",http://maps.google.com/?cid=11980079238209661234,Point,2024-12-29T21:34:56Z,,Feature
34.0621139,-118.3473892,The Icon,"5450 Wilshire Blvd, Los Angeles, CA 90036, United States",http://maps.google.com/?cid=13495063594291033146,Point,2024-12-29T21:34:50Z,,Feature
36.1740151,-86.751059,Artifct Nash - Vintage Cameras & Film,"1006 Fatherland St #102a, Nashville, TN 37206, United States",http://maps.google.com/?cid=15930682399177690540,Point,2024-12-29T21:34:46Z,US,Feature
34.1371786,-118.3637791,Photocity,"10602 Ventura Blvd, Studio City, CA 91604, United States",http://maps.google.com/?cid=16269666968335863057,Point,2024-12-29T21:34:38Z,,Feature
36.9773996,-122.0155537,Bay Photo Lab,"715 Soquel Ave, Santa Cruz, CA 95062, United States",http://maps.google.com/?cid=3318390208160906215,Point,2024-12-29T21:34:34Z,,Feature
35.8592076,-78.7122548,The Fotoshoppe,"5910 Duraleigh Rd #139, Raleigh, NC 27612, United States",http://maps.google.com/?cid=16889072350415691073,Point,2024-12-29T21:34:31Z,,Feature
29.4996319,-98.4997281,The Camera Exchange,"6635 San Pedro Ave, San Antonio, TX 78216, United States",http://maps.google.com/?cid=1792319426534596679,Point,2024-12-29T21:34:26Z,US,Feature
29.7319516,-95.4826333,Houston Camera Exchange,"5900 Richmond Ave., Houston, TX 77057, United States",http://maps.google.com/?cid=4292645226400861568,Point,2024-12-29T21:34:18Z,US,Feature
29.7498585,-95.3407744,Reel Quick Film Lab,"3308 Garrow St, Houston, TX 77003, United States",http://maps.google.com/?cid=8074022953894463072,Point,2024-12-29T21:34:14Z,,Feature
30.2128104,-97.812556,Turbo Photo Film Lab,"2612 McGregor Dr, Austin, TX 78745, United States",http://maps.google.com/?cid=12504745991514347314,Point,2024-12-29T21:34:09Z,,Feature
34.08798,-118.2913896,D & J Digital Imaging,"904 N Vermont Ave, Los Angeles, CA 90029, United States",http://maps.google.com/?cid=14506766083324360498,Point,2024-12-29T21:34:05Z,US,Feature
34.0616908,-118.2447819,ANALOG PHOTO LAB,"813 W Cesar Estrada Chavez Ave, Los Angeles, CA 90012, United States",http://maps.google.com/?cid=214605731395046575,Point,2024-12-29T21:34:01Z,,Feature
34.0468401,-118.2387822,Analog Photomart,"416 E 2nd St, Los Angeles, CA 90012, United States",http://maps.google.com/?cid=8055284780350457147,Point,2024-12-29T21:33:57Z,US,Feature
37.7734298,-122.4031672,Oscar's Photo Lab,"790 Brannan St, San Francisco, CA 94103, United States",http://maps.google.com/?cid=6880411526738766244,Point,2024-12-29T21:33:54Z,,Feature
43.1930279,-70.8732668,Photosmith,"263 Central Ave, Dover, NH 03820, United States",http://maps.google.com/?cid=16038224402299589610,Point,2024-12-29T21:33:49Z,,Feature
37.337021,-95.285777,Dwayne's Photo,"415 S 32nd St, Parsons, KS 67357, United States",http://maps.google.com/?cid=2016432370165111329,Point,2024-12-29T21:33:45Z,US,Feature
35.849945,-78.6155431,Peace Camera,"5039 Falls of Neuse Rd, Raleigh, NC 27609, United States",http://maps.google.com/?cid=16266892806725616095,Point,2024-12-29T21:33:41Z,US,Feature
29.881274,-97.9396439,San Marcos Film Lab,"145 S L B J Dr, San Marcos, TX 78666, United States",http://maps.google.com/?cid=12297386991748579324,Point,2024-12-29T21:33:37Z,,Feature
40.7175592,-73.9898407,Color Resource Center,"73 Ludlow St, New York, NY 10002, United States",http://maps.google.com/?cid=14969330617733810752,Point,2024-12-29T21:33:34Z,,Feature
39.777978,-86.1529749,UsedPhotoPro,"220 E St Clair St #2, Indianapolis, IN 46204, United States",http://maps.google.com/?cid=247847476739219109,Point,2024-12-29T21:33:30Z,US,Feature
40.681618,-73.957026,pink folder film house + bedstuy darkroom,"1113 Fulton St, Brooklyn, NY 11238, United States",http://maps.google.com/?cid=16936817992875979041,Point,2024-12-29T21:33:26Z,,Feature
33.4660123,-112.0341455,Phoenix Photo Lab & Studio Rental,"2212 E McDowell Rd, Phoenix, AZ 85006, United States",http://maps.google.com/?cid=17354112516868706444,Point,2024-12-29T21:33:23Z,,Feature
44.9552701,-93.2327607,Praxis Gallery,"Entrance in Parking Lot, 2601 27th Ave S, Minneapolis, MN 55406, United States",http://maps.google.com/?cid=11730731282500358373,Point,2024-12-29T21:33:20Z,US,Feature
41.0241329,-80.685182,YM camera,"755 Boardman-Canfield Rd Building J1, Boardman, OH 44512, United States",http://maps.google.com/?cid=9084598943858571029,Point,2024-12-29T21:33:16Z,US,Feature
44.928774,-123.3141806,Focal Point Photography,"161 W Ellendale Ave, Dallas, OR 97338, United States",http://maps.google.com/?cid=14133989389392254700,Point,2024-12-29T21:33:12Z,US,Feature
1.4967582,103.7764126,THE DUCKROOM,"Persiaran Southkey 1, Komersial Southkey Mozek, Blok F, F-03-08 Kota, Southkey, 80150 Johor Bahru, Johor Darul Ta'zim, Malaysia",http://maps.google.com/?cid=15012438179303984336,Point,2024-12-29T21:33:08Z,,Feature
3.1414326,101.7094802,Saujana Film Lab,"16, Lorong 1/77a, lmbi, 2nd Floor, 55100 Kuala Lumpur, Wilayah Persekutuan Kuala Lumpur, Malaysia",http://maps.google.com/?cid=14857719280243554829,Point,2024-12-29T21:33:04Z,,Feature
-8.6589843,115.143238,Saujana Film Lab Bali,"Jl. Tegal Sari No.24, Tibubeneng, Kec. Kuta Utara, Kabupaten Badung, Bali 80361, Indonesia",http://maps.google.com/?cid=9935207184053817002,Point,2024-12-29T21:32:59Z,,Feature
37.4264642,-122.144279,Mayfield Photo Lab,"2431 Ash St, Palo Alto, CA 94306, United States",http://maps.google.com/?cid=13681990387722562646,Point,2024-12-29T21:32:54Z,,Feature
42.3036175,-83.1323771,Darkroom Detroit,"8869 Avis St Unit 2, Detroit, MI 48209, United States",http://maps.google.com/?cid=1540566056027871533,Point,2024-12-29T21:32:49Z,,Feature
34.0761869,-118.3000101,Tom's One Hour Photo Studio & Lab,"4158 Beverly Blvd, Los Angeles, CA 90004, United States",http://maps.google.com/?cid=2592733811963779468,Point,2024-12-29T21:32:46Z,US,Feature
42.9169338,-85.7457772,Color Inc Pro Photo Lab,"3280 Chicago Dr SW, Grandville, MI 49418, United States",http://maps.google.com/?cid=6461977852076260842,Point,2024-12-29T21:32:41Z,,Feature
41.8865443,-87.6771445,LATITUDE Chicago,"2003 W Fulton St #211, Chicago, IL 60612, United States",http://maps.google.com/?cid=14572316642809655161,Point,2024-12-29T21:32:37Z,,Feature
40.4088052,-3.7099948,Carmencita Film Lab,"Calle de Arganzuela, 3, Centro, 28005 Madrid, Spain",http://maps.google.com/?cid=17911139636339977838,Point,2024-12-29T21:32:33Z,,Feature
49.2679682,-123.0982268,The Lab Vancouver,"295 E 2nd Ave, Vancouver, BC V5T 1B8, Canada",http://maps.google.com/?cid=12003382769557544883,Point,2024-12-29T21:32:29Z,,Feature
52.5073558,13.3180167,Aperture Film Lab,"Schlüterstraße 68, 10625 Berlin, Germany",http://maps.google.com/?cid=6292603138155203198,Point,2024-12-29T21:32:25Z,,Feature
39.1470565,-84.6265128,Western Hills Photo & Hobby,"6319 Glenway Ave, Cincinnati, OH 45211, United States",http://maps.google.com/?cid=16891172300565854338,Point,2024-12-29T21:32:20Z,US,Feature
43.1575285,-77.5812498,Edgar G Praus Productions Inc,"176 Anderson Ave, Rochester, NY 14607, United States",http://maps.google.com/?cid=2674746773984077593,Point,2024-12-29T21:32:15Z,,Feature
40.7431627,-74.0059301,picturehouse + thesmalldarkroom,"437 W 16th St 3rd Floor, New York, NY 10011, United States",http://maps.google.com/?cid=12649602535633873986,Point,2024-12-29T21:31:57Z,,Feature
35.6184488,-82.5539001,Ball Photo Supply,"569 Merrimon Ave, Asheville, NC 28804, United States",http://maps.google.com/?cid=6652463508966537637,Point,2024-12-29T21:31:53Z,US,Feature
35.9106542,-79.0763024,Southeastern Camera,"205 W Main St #105, Carrboro, NC 27510, United States",http://maps.google.com/?cid=7947945859859946588,Point,2024-12-29T21:31:50Z,US,Feature
43.6504334,-79.3973236,Graination,"204 Spadina Ave. Graination, Toronto, ON M5T 2C2, Canada",http://maps.google.com/?cid=12774688193082692073,Point,2024-12-29T21:31:46Z,,Feature
37.399686,-94.6949415,Miller's Professional Imaging,"610 E Jefferson St, Pittsburg, KS 66762, United States",http://maps.google.com/?cid=6820667178993352135,Point,2024-12-29T21:31:42Z,,Feature
38.928473,-92.2987149,Miller's Professional Imaging,"1712 E Pointe Dr, Columbia, MO 65201, United States",http://maps.google.com/?cid=4523743672359276471,Point,2024-12-29T21:31:38Z,,Feature
33.8781305,-117.6486608,Mac Star Cameras & Electronics,"4300 Green River Rd Ste 104, Corona, CA 92880, United States",http://maps.google.com/?cid=13638598653881306332,Point,2024-12-29T21:31:35Z,US,Feature
32.7406997,-97.3502557,Tally Film Co.,"2212 W Peter Smith St, Fort Worth, TX 76102, United States",http://maps.google.com/?cid=17623466754080336254,Point,2024-12-29T21:31:27Z,,Feature
30.3276278,-97.7400288,Austin Camera & Imaging,"5350 Burnet Rd #8, Austin, TX 78756, United States",http://maps.google.com/?cid=16607471139763704506,Point,2024-12-29T21:31:12Z,US,Feature
30.3351254,-97.7392726,The Camera Exchange (Austin),"5907 Burnet Rd, Austin, TX 78757, United States",http://maps.google.com/?cid=7994958200304184434,Point,2024-12-29T21:31:08Z,US,Feature
47.4693601,-122.3459678,Moody's Film Lab,"831 SW 149th St, Burien, WA 98166, United States",http://maps.google.com/?cid=15984766423395161608,Point,2024-12-29T21:31:05Z,,Feature
29.5329212,-98.4966111,Digital Pro Lab (Photo Express),"10103 San Pedro Ave, San Antonio, TX 78216, United States",http://maps.google.com/?cid=16483962235301638099,Point,2024-12-29T21:31:01Z,,Feature
33.7818449,-118.2471346,UV Photographics,"830 N Watson Ave Suite B, Wilmington, CA 90744, United States",http://maps.google.com/?cid=12812992674570616054,Point,2024-12-29T21:30:56Z,,Feature
40.7023274,-73.9175605,Bushwick Community Darkroom,"334 Himrod St, Brooklyn, NY 11237, United States",http://maps.google.com/?cid=15706645432545673464,Point,2024-12-29T21:30:52Z,,Feature
41.9124954,-87.6777018,Bellows Film Lab Chicago,"1702 N Damen Ave, Chicago, IL 60647, United States",http://maps.google.com/?cid=18047803805067188477,Point,2024-12-29T21:30:49Z,,Feature
33.7649665,-84.3501484,Bellows Film Lab Atlanta,"1140 Euclid Ave NE, Atlanta, GA 30307, United States",http://maps.google.com/?cid=18384609719044086978,Point,2024-12-29T21:30:45Z,,Feature
49.2645989,-123.136425,Beau Photo Supplies,"1401 W 8th Ave #110, Vancouver, BC V6H 1C9, Canada",http://maps.google.com/?cid=4913876195286211552,Point,2024-12-29T21:30:42Z,CA,Feature
33.1976092,-117.3783054,FIlm Haus,"705 Pier View Wy STE F, Oceanside, CA 92054, United States",http://maps.google.com/?cid=18191616162008899526,Point,2024-12-29T21:30:38Z,,Feature
32.5271997,-117.035359,Fotónica Film Lab,"Calle Ignacio Zaragoza 8270-7A, Zona Centro, 22000 Tijuana, B.C., Mexico",http://maps.google.com/?cid=12636373749452162194,Point,2024-12-29T21:30:33Z,,Feature
33.7209558,-117.8271761,Legacy Film Lab,"15012 Red Hill Ave Ste A, Tustin, CA 92780, United States",http://maps.google.com/?cid=9998298670498673604,Point,2024-12-29T21:30:29Z,,Feature
34.1015635,-118.3134189,Post Mix Film Lab,"5662 Hollywood Blvd, Los Angeles, CA 90028, United States",http://maps.google.com/?cid=7912835567866360905,Point,2024-12-29T21:30:25Z,,Feature
31.7624764,-106.4799702,Jerry Reed's Photo & Video,"921 Myrtle Ave, El Paso, TX 79901, United States",http://maps.google.com/?cid=12026173172976370098,Point,2024-12-29T21:30:21Z,US,Feature
33.563686,-101.889326,Armadillo Camera,"3432 34th St, Lubbock, TX 79410, United States",http://maps.google.com/?cid=6064206700101102550,Point,2024-12-29T21:30:17Z,US,Feature
35.0987213,-106.6045864,Picture Perfect Photo Lab,"1721 Carlisle Blvd NE, Albuquerque, NM 87110, United States",http://maps.google.com/?cid=2194275160309656437,Point,2024-12-29T21:30:13Z,,Feature
35.6625247,-105.9656967,Visions Photo Lab,"1808 2nd St, Santa Fe, NM 87505, United States",http://maps.google.com/?cid=972166369952851941,Point,2024-12-29T21:30:09Z,,Feature
30.0088885,-90.1602335,Bennett’s Photo,"3521 18th St, Metairie, LA 70002, United States",http://maps.google.com/?cid=16625733762424668883,Point,2024-12-29T21:30:06Z,,Feature
29.9531052,-90.0694263,Camera Stop,"704 Canal St, New Orleans, LA 70130, United States",http://maps.google.com/?cid=1147342573147285596,Point,2024-12-29T21:30:01Z,US,Feature
32.332779,-90.1365801,Deville Camera & Video,"1935 Lakeland Dr Ste. 400, Jackson, MS 39216, United States",http://maps.google.com/?cid=15204511423406917470,Point,2024-12-29T21:29:57Z,US,Feature
33.5035153,-86.7833538,Electra Film Lab,"1211 27th Pl S Ste 105, Birmingham, AL 35205, United States",http://maps.google.com/?cid=15787739785300646162,Point,2024-12-29T21:29:40Z,,Feature
35.209164,-89.826999,Fine Grain Photo Lab,"3066 Amber Rebecca Cove, Memphis, TN 38133, United States",http://maps.google.com/?cid=5173630326036295764,Point,2024-12-29T21:29:37Z,US,Feature
35.0552258,-90.0206054,Williams Photo Shop,"3427 W Dove Creek Cir, Memphis, TN 38116, United States",http://maps.google.com/?cid=11270853852828500376,Point,2024-12-29T21:29:33Z,US,Feature
40.6627964,-73.9915714,Accurate Photoshop,"639 5th Ave, Brooklyn, NY 11215, United States",http://maps.google.com/?cid=6981687210660471368,Point,2024-12-29T21:29:30Z,,Feature
40.664449,-73.9513781,Photo Life,"994 Nostrand Ave, Brooklyn, NY 11225, United States",http://maps.google.com/?cid=10862996464953547028,Point,2024-12-29T21:29:27Z,US,Feature
40.6937612,-73.9487631,Exposure Therapy Photo Lab,"615 Marcy Ave Store #3, Brooklyn, NY 11206, United States",http://maps.google.com/?cid=9912902227810247909,Point,2024-12-29T21:29:24Z,,Feature
34.1901605,-118.448221,Red Room Photo Lab,"6566 Van Nuys Blvd, Van Nuys, CA 91401, United States",http://maps.google.com/?cid=5859646030320392917,Point,2024-12-29T21:29:20Z,,Feature
40.7500964,-111.8633646,Essential Photo Supply,"959 E 900 S, Salt Lake City, UT 84102, United States",http://maps.google.com/?cid=3321224132740273435,Point,2024-12-29T21:29:17Z,US,Feature
40.7247964,-111.8875642,Allen's Camera,"2121 State St, Salt Lake City, UT 84115, United States",http://maps.google.com/?cid=4194535292216558821,Point,2024-12-29T21:29:14Z,US,Feature
40.7537989,-111.9001179,Pictureline,"305 West 700 S, Salt Lake City, UT 84101, United States",http://maps.google.com/?cid=16321099488054171846,Point,2024-12-29T21:29:09Z,US,Feature
41.2322795,-96.1773706,Rockbrook Camera,"2909 S 169th Plaza ste 100, Omaha, NE 68130, United States",http://maps.google.com/?cid=15221477497828042231,Point,2024-12-29T21:28:58Z,US,Feature
41.2695233,-95.9335218,Photographics Imaging,"1301 Nicholas St, Omaha, NE 68102, United States",http://maps.google.com/?cid=4232302964431663668,Point,2024-12-29T21:28:55Z,US,Feature
41.1344246,-104.7613344,Artizen Photo Printing,"4003 E 10th St, Cheyenne, WY 82001, United States",http://maps.google.com/?cid=12296329451141284365,Point,2024-12-29T21:28:51Z,,Feature
49.2842005,-123.1099852,Rocket Reprographics Inc,"403 W Cordova St, Vancouver, BC V6B 1B6, Canada",http://maps.google.com/?cid=2541070992489112686,Point,2024-12-29T21:28:48Z,,Feature
33.454769,-112.0870827,Phoenix Film Revival,"1023 Grand Ave Studio E, Phoenix, AZ 85007, United States",http://maps.google.com/?cid=9662321231040694808,Point,2024-12-29T21:28:45Z,,Feature
32.7626942,-117.1349756,Safelight Labs,"2701 Adams Ave, San Diego, CA 92116, United States",http://maps.google.com/?cid=1230039313149222983,Point,2024-12-29T21:28:42Z,,Feature
32.7481075,-117.1299378,George's Camera,"3837 30th St, San Diego, CA 92104, United States",http://maps.google.com/?cid=15409245479088943294,Point,2024-12-29T21:28:38Z,US,Feature
32.7514207,-117.2162738,Nelson Photo & Video,"3625 Midway Dr J, San Diego, CA 92110, United States",http://maps.google.com/?cid=13896001829174758862,Point,2024-12-29T21:28:35Z,US,Feature
32.6621647,-117.0922546,I'm Still Developing.,"2629 Highland Ave, National City, CA 91950, United States",http://maps.google.com/?cid=6468686162763981931,Point,2024-12-29T21:28:31Z,,Feature
32.9955946,-117.2579323,Total Photo,"118 S Solana Hills Dr, Solana Beach, CA 92075, United States",http://maps.google.com/?cid=12131225144468130224,Point,2024-12-29T21:28:28Z,,Feature
33.0494632,-117.2899736,Encinitas Photo,"112 Encinitas Blvd, Encinitas, CA 92024, United States",http://maps.google.com/?cid=14548890629183701419,Point,2024-12-29T21:28:24Z,US,Feature
33.1282501,-117.3271102,The Great American Photo Lab / North Coast Photographic Services,"5451 Avenida Encinas suite d, Carlsbad, CA 92008, United States",http://maps.google.com/?cid=11707316979323028742,Point,2024-12-29T21:28:20Z,,Feature
43.0371444,-88.1385002,Mike Crivello's Camera and Imaging Center,"18110 W Bluemound Rd, Brookfield, WI 53045, United States",http://maps.google.com/?cid=15435609132066067165,Point,2024-12-29T21:28:17Z,US,Feature
33.4569974,-112.0900472,Strap Film Lab,"1301 Grand Ave #6, Phoenix, AZ 85007, United States",http://maps.google.com/?cid=2314233643920099681,Point,2024-12-29T21:28:14Z,,Feature
33.4141724,-111.8344917,Strap Film Lab,"30a S MacDonald, Mesa, AZ 85210, United States",http://maps.google.com/?cid=16353650136288750831,Point,2024-12-29T21:28:07Z,,Feature
34.7129249,-86.5740218,"Southerland's Photo, Inc.","2357 Whitesburg Dr Suite F, Huntsville, AL 35801, United States",http://maps.google.com/?cid=14421915266089717837,Point,2024-12-29T21:28:04Z,US,Feature
36.2059011,-86.7634966,Taylor House Studio,"319e E Trinity Ln, Nashville, TN 37207, United States",http://maps.google.com/?cid=929383126103454314,Point,2024-12-29T21:28:01Z,,Feature
30.5032016,-90.4579213,Taylor House Studios,"207 S Cherry St, Hammond, LA 70403, United States",http://maps.google.com/?cid=17823207629057734026,Point,2024-12-29T21:27:57Z,US,Feature
40.3497952,-74.0662828,Camera Culture,"24 Monmouth St, Red Bank, NJ 07701, United States",http://maps.google.com/?cid=14727746391628279304,Point,2024-12-29T21:27:53Z,US,Feature
25.6369995,-80.3368444,Pitman Photo Supply,"14321 S Dixie Hwy, Miami, FL 33176, United States",http://maps.google.com/?cid=6055212486759578570,Point,2024-12-29T21:27:50Z,US,Feature
50.4507506,30.5063134,Analog missionary,"Olesia Honchara St, 43б, Kyiv, Ukraine, 02000",http://maps.google.com/?cid=12022080663010428740,Point,2024-12-29T21:27:46Z,,Feature
50.4486257,30.5090449,Fotovramci,"Ivana Franka St, 20, Kyiv, Ukraine, 01030",http://maps.google.com/?cid=17634832779606738457,Point,2024-12-29T21:27:43Z,UA,Feature
52.5352952,13.4327812,Film Speed Lab,"Dietrich-Bonhoeffer-Straße 32, 10407 Berlin, Germany",http://maps.google.com/?cid=7731950425410331388,Point,2024-12-29T21:27:40Z,,Feature
51.2331607,6.7934714,Optik Oldschool,"Schinkelstraße 50, 40211 Düsseldorf, Germany",http://maps.google.com/?cid=6219436367064635340,Point,2024-12-29T21:27:36Z,,Feature
50.9402207,6.9559933,Foto Lambertin,"An d. Rechtschule 1, 50667 Köln, Germany",http://maps.google.com/?cid=3463406010416887089,Point,2024-12-29T21:27:33Z,DE,Feature
51.7845324,6.1420963,urbanfilmlab,"In den Galleien 12, 47533 Kleve, Germany",http://maps.google.com/?cid=7583599351893335281,Point,2024-12-29T21:27:28Z,,Feature
50.1215451,8.7005651,ON FILM LAB,"Sandweg 131A, 60316 Frankfurt am Main, Germany",http://maps.google.com/?cid=540813331401251045,Point,2024-12-29T21:27:25Z,,Feature
43.1652177,-79.2485294,Frame 25 Film Lab,"94 Albert St, St. Catharines, ON L2R 2H3, Canada",http://maps.google.com/?cid=10764576671847257094,Point,2024-12-29T21:27:22Z,,Feature
43.6490072,-79.4209816,Memento Film Lab,"216 Ossington Ave, Toronto, ON M6J 2Z9, Canada",http://maps.google.com/?cid=8379529284893851993,Point,2024-12-29T21:27:18Z,,Feature
52.5292,13.3932799,click & surr,"Gartenstraße 4, 10115 Berlin, Germany",http://maps.google.com/?cid=14306307137558865018,Point,2024-12-29T21:27:14Z,DE,Feature
53.5539065,9.9821494,KHROME,"Kaiser-Wilhelm-Straße 73, 20355 Hamburg, Germany",http://maps.google.com/?cid=4836753992431337114,Point,2024-12-29T21:27:09Z,DE,Feature
53.5490809,9.9953393,Kamera Express Hamburg,"Domstraße 14, 20095 Hamburg, Germany",http://maps.google.com/?cid=4776767987883333005,Point,2024-12-29T21:27:05Z,DE,Feature
49.4524449,11.0739937,Leica Store und Galerie Nürnberg,"Ob. Wörthstraße 8, 90403 Nürnberg, Germany",http://maps.google.com/?cid=3590025172966345393,Point,2024-12-29T21:26:26Z,DE,Feature
48.1427204,11.5763552,Leica Store München Brienner Straße,"Brienner Str. 7, 80333 München, Germany",http://maps.google.com/?cid=16651459948171100547,Point,2024-12-29T21:26:22Z,DE,Feature
-37.9029303,145.1890667,The Latent Image Photography,"29 Strathconnan Pl, Wheelers Hill VIC 3150, Australia",http://maps.google.com/?cid=17486621114202001234,Point,2024-12-29T21:26:18Z,,Feature
48.8694817,2.3223956,Leica Store Paris Village Royal,"26 Rue Boissy d'Anglas, 75008 Paris, France",http://maps.google.com/?cid=2990249146897928551,Point,2024-12-29T21:26:13Z,FR,Feature
48.2019259,16.3422268,Leica Camera Classics,"Westbahnstraße 40, 1070 Wien, Austria",http://maps.google.com/?cid=5153691663282352879,Point,2024-12-29T21:26:09Z,AT,Feature
49.4065212,8.6925935,Leica,"69115 Heidelberg, Germany",http://maps.google.com/?cid=3044372978716223761,Point,2024-12-29T21:26:06Z,DE,Feature
50.5528935,8.5369175,Leica Galerie Wetzlar,"Am Leitz-Park 5, 35578 Wetzlar, Germany",http://maps.google.com/?cid=6580490603249058685,Point,2024-12-29T21:26:02Z,DE,Feature
40.7402031,-74.0065779,Leica Store and Gallery New York,"406 W 13th St, New York, NY 10014, United States",http://maps.google.com/?cid=7736847176022474196,Point,2024-12-29T21:25:58Z,US,Feature
51.222124,6.7801238,Leica Store Düsseldorf,"Kö Galerie, Königsallee 60, 40212 Düsseldorf, Germany",http://maps.google.com/?cid=94009512641265472,Point,2024-12-29T21:25:52Z,DE,Feature
50.8388956,4.3980838,Leica Boutique Brussels,"Av. des Celtes 3, 1040 Bruxelles, Belgium",http://maps.google.com/?cid=15041175712423017209,Point,2024-12-29T21:25:49Z,BE,Feature
48.1841578,16.3918859,FOTO ARSENAL WIEN,"Arsenal Objekt 19, 1030 Wien, Austria",http://maps.google.com/?cid=17733301531609782425,Point,2024-12-29T21:25:45Z,AT,Feature
48.2069554,16.3705112,Leica Store Wien Seilergasse,"Seilergasse 14, 1010 Wien, Austria",http://maps.google.com/?cid=7121197046465289013,Point,2024-12-29T21:25:01Z,AT,Feature
48.202149,16.3430247,cyberlab digital developments GmbH,"Schottenfeldgasse 51, 1070 Wien, Austria",http://maps.google.com/?cid=7567722905939542972,Point,2024-12-29T21:24:56Z,,Feature
46.7684075,23.5883325,GrainLab,"Strada Ioan Rațiu 10, Cluj-Napoca 400014, Romania",http://maps.google.com/?cid=15801938342852867227,Point,2024-12-29T21:24:50Z,,Feature
44.440907,26.088872,isopatrusute,"Strada Puțul cu Plopi 12, București 010178, Romania",http://maps.google.com/?cid=7209936476359452184,Point,2024-12-29T21:24:46Z,,Feature
48.2132496,16.3420333,Garage Film Lab,"Laudongasse 58, 1080 Wien, Austria",http://maps.google.com/?cid=13835720677131335387,Point,2024-12-29T21:24:41Z,,Feature
45.5923595,8.9186064,Ghisa Film Lab,"Corso Magenta, 64A, 20025 Legnano MI, Italy",http://maps.google.com/?cid=18350390393969402017,Point,2024-12-29T21:24:35Z,,Feature
45.5014566,9.1662047,Speed Photo,"Via degli Imbriani, 55A, 20121 Milano MI, Italy",http://maps.google.com/?cid=5240799971598563080,Point,2024-12-29T21:24:23Z,IT,Feature
41.9095895,12.4602454,Ars - Imago International,"Via Caio Mario, 25, 00192 Roma RM, Italy",http://maps.google.com/?cid=6471299797451699486,Point,2024-12-29T21:24:20Z,IT,Feature
45.465507,9.1643714,New Old Camera,"Viale S. Michele del Carso, 4, 20144 Milano MI, Italy",http://maps.google.com/?cid=2816293406830026907,Point,2024-12-29T21:24:16Z,IT,Feature
45.4724774,9.1942138,Photo Optics Cavour Srl - Leica Boutique Milan,"Via Fatebenefratelli, 34/36, 20121 Milano MI, Italy",http://maps.google.com/?cid=16388946800874064129,Point,2024-12-29T21:24:04Z,IT,Feature
41.9088137,12.4613233,Fotoforniture Guido Sabatini,"Via Germanico, 168/A, 00192 Roma RM, Italy",http://maps.google.com/?cid=4261523123948733858,Point,2024-12-29T21:23:31Z,IT,Feature
52.5253343,13.4069056,FOTOIMPEX GmbH,"Alte Schönhauser Str. 32B, 10119 Berlin, Germany",http://maps.google.com/?cid=5226384386241535678,Point,2024-12-29T21:23:27Z,DE,Feature
45.4768777,9.2012828,Il Fotoamatore,"Viale Vittorio Veneto, Via Lazzaretto, 18, 20121 Milano MI, Italy",http://maps.google.com/?cid=8395902555867678327,Point,2024-12-29T21:23:23Z,IT,Feature
45.6808761,12.3096146,Fotomatica,"Via Quintavalle, 20, 31030 Carbonera TV, Italy",http://maps.google.com/?cid=7473128756176681164,Point,2024-12-29T21:23:17Z,IT,Feature
45.5100129,9.22548,Pfg Point Photo Group,"Via Aristotele, 67, 20128 Milano MI, Italy",http://maps.google.com/?cid=3827969923025211735,Point,2024-12-29T21:23:12Z,IT,Feature
50.081588,14.4248879,Centrum FotoŠkoda,"Vodičkova 37, 110 00 Nové Město, Czechia",http://maps.google.com/?cid=6089509995598414739,Point,2024-12-29T21:23:03Z,CZ,Feature
45.4787781,9.2032117,Quick Photo Center Milano,"Via Lazzaretto, 12, 20124 Milano MI, Italy",http://maps.google.com/?cid=2321469685783079686,Point,2024-12-29T21:22:50Z,IT,Feature
50.0983681,14.4340874,Bé PHOTO,"Janovského 964/5, 170 00 Praha 7-Holešovice, Czechia",http://maps.google.com/?cid=18328076209130750300,Point,2024-12-29T21:22:46Z,CZ,Feature
13.7637442,100.4996964,SWEET FILM BAR,"2, 1 Trok Wat Tritosthep, Khwaeng Ban Phan Thom, Baanpanthom, Bangkok 10200, Thailand",http://maps.google.com/?cid=17933917021363962998,Point,2024-12-29T21:22:43Z,,Feature
13.7446017,100.5303281,Fotofile MBK Center Fl.1,"Room 1B - 18, 444 Phaya Thai Rd, แขวง งใหม่, Pathum Wan, Bangkok 10330, Thailand",http://maps.google.com/?cid=15386220783185101905,Point,2024-12-29T21:22:36Z,TH,Feature
41.6388856,-4.739003,Namen Color,"P.º de Zorrilla, 106, 47006 Valladolid, Spain",http://maps.google.com/?cid=2200054537907666417,Point,2024-12-29T21:22:33Z,ES,Feature
41.6471504,-4.7212692,C.J.C. Servicios Fotográficos S.L.,"C. de Acibelas, 5, 47004 Valladolid, Spain",http://maps.google.com/?cid=8778445874138108996,Point,2024-12-29T21:22:28Z,ES,Feature